class,cr,fcp
0,1.0,0.9999999759869852
1,1.0,0.9929668691821246
2,1.0,0.9903673981092272
all,1.0,0.9944447477594455
