class,cr,fcp
0,1.0,1.0
1,1.0,0.9999954705796027
2,1.0,0.999693789494196
all,1.0,0.999999590296496
