class,cr,fcp
0,1.0,0.14294274915543562
1,1.0,0.9470316413122781
2,0.2059474133672755,0.8995604174813713
all,0.7353158044557585,0.6631782693163615
