class,cr,fcp
0,1.0,0.9999996681750224
1,1.0,0.996989175703398
2,1.0,0.9185747407518485
all,1.0,0.9998933498759305
