metric,cr,fcp
f_0,,0.9943993279193504
f_1,,0.8888888888888888
f_2,,0.9540347293156282
mcc,0.0,0.9485778537984162
