class,cr,fcp
0,1.0,0.9999635353338582
1,1.0,0.9999439874567055
2,1.0,0.9993348249595038
all,1.0,0.9999586699751879
