class,cr,fcp
0,1.0,0.8333466640479203
1,1.0,0.9805243660685765
2,1.0,0.9242624321953063
all,1.0,0.9127111541039344
