class,cr,fcp
0,1.0,1.0
1,1.0,0.9989499898756479
2,1.0,0.9161869450678115
all,1.0,0.9998959783197832
