class,cr,fcp
0,1.0,0.018749968584091874
1,1.0,0.9806756814810975
2,0.837470536225634,0.9666802932884262
all,0.9458235120752114,0.6553686477845385
