class,cr,fcp
0,1.0,0.9999945993739573
1,1.0,0.9144853605661206
2,1.0,0.6487829614604462
all,1.0,0.9986309015544041
