metric,cr,fcp
f_0,,0.999390179502388
f_1,,0.15841174442090744
f_2,,0.31258091625593387
mcc,0.0,0.3342620331911143
