class,cr,fcp
0,1.0,0.018579365396917843
1,1.0,0.8943637558486799
2,1.0,0.8946639089881827
all,1.0,0.028774404183926697
