class,cr,fcp
0,1.0,1.0
1,1.0,0.999875938283287
2,0.11868493461986261,0.9999953467688192
all,0.7062283115399541,0.9999570950173687
