class,cr,fcp
0,1.0,0.01927615692662823
1,1.0,0.9652930861683032
2,0.0007028270871028362,0.5777644816975246
all,0.6669009423623675,0.520777908264152
