class,cr,fcp
0,1.0,0.9998905343297473
1,1.0,0.927105484291398
2,1.0,0.6555280357187233
all,1.0,0.9986499716713881
