metric,cr,fcp
f_0,,0.999431283306168
f_1,,0.7730736580585318
f_2,,0.6709613289239769
mcc,0.0,0.7677786438338212
