class,cr,fcp
0,1.0,0.011163663873318264
1,1.0,0.8185146406040862
2,1.0,0.8571035561004949
all,1.0,0.020168453296983583
