class,cr,cr_cond
0,9.146464959706258e-07,0.5805457937201304
1,4.016052173105762e-06,8.90265216934228e-08
2,2.645748929959299e-06,3.1544238660904367e-09
all,2.525482533011895e-06,0.19351529530035866
