class,cr,cr_cond
0,0.9980487934214145,0.9997194734718288
1,0.4964926504282844,0.7833173030924098
2,0.19235600215323884,0.34350140558645853
all,0.9905107333333333,0.9961231333333334
