cr,cr_cond
1.0000009333333335,1.016720166666667
