class,cr,cr_cond
0,0.9980484552339182,0.9908295049381461
1,0.4964498471671795,0.2231107395899951
2,0.19235600215323884,0.0947126024283749
all,0.9999990666666667,0.9833553666666667
