metric,cr,cr_cond
f_0,0.995284053686952,0.9981596129455087
f_1,0.6042181550742736,0.653543481307205
f_2,0.2907841497321368,0.24694919879917346
mcc,0.6046118178803254,0.6578916359706307
