class,cr,cr_cond
0,1.021774857263244e-06,0.3870857033930148
1,2.696244556499112e-06,4.4755122577059405e-08
2,3.3565421501477045e-06,3.127208600230318e-09
all,2.3581871879700204e-06,0.12902858375844864
