cr,cr_cond
1.0000002479784362,1.008328905660377
