class,cr,cr_cond
0,0.9977004279638596,0.9989976767875955
1,0.7009278064741723,0.82138864782307
2,0.2164444320723028,0.29095565515129584
all,0.9932605283018868,0.9960611105121294
