metric,cr,cr_cond
f_0,0.9967841296581433,0.9982511282239926
f_1,0.735444004727838,0.7955010659664912
f_2,0.30921780859144565,0.32024707374454203
mcc,0.721674721071452,0.7811270342948794
