class,cr,cr_cond
0,0.997700329644398,0.9945732791715454
1,0.70091512409706,0.5254490014439792
2,0.2164444320723028,0.1534671380452635
all,0.9999997520215633,0.9917183611859838
