class,cr,cr_cond
0,9.755550776934756e-07,0.4304445240981349
1,3.919688170516327e-06,9.137772847539287e-08
2,2.420183999440059e-06,4.160119835131754e-09
all,2.4384757492166207e-06,0.14348153987866105
