class,cr,cr_cond
0,0.9969121704514912,0.999187044897891
1,0.5034074795233762,0.7673098901564054
2,0.2187162262391659,0.33486617643942446
all,0.9894700666666667,0.9952205
