cr,cr_cond
1.0000010000000004,1.0173966
