class,cr,cr_cond
0,0.9969116970758131,0.9889248011965855
1,0.5033677961438338,0.24719306228703253
2,0.2187162262391659,0.11390366398948908
all,0.999999,0.9826678
