metric,cr,cr_cond
f_0,0.9948293039323794,0.9978060548083727
f_1,0.5739906390796553,0.6224693052289367
f_2,0.3249685138539043,0.2929634272633128
mcc,0.5688954720181462,0.6185521017049683
