class,cr,fcp
0,9.081170082061092e-05,0.9556640358449106
1,0.4833696372501318,0.9968791660229869
2,0.0001379342239450918,0.9937982326701781
all,0.16119946105829921,0.9821138115126918
