class,cr,fcp
0,0.999302142812776,1.0
1,0.7878023873521133,1.0
2,0.2553349297505775,1.0
all,0.9954670666666666,1.0
