cr,fcp
1.0200302666666667,2.9999954000000004
