metric,cr,fcp
f_0,0.9979038855582532,
f_1,0.6087133646185063,
f_2,0.37822990445172555,
mcc,0.6053867211809656,0.0
