class,cr,fcp
0,0.011145112134095777,1.0
1,0.6355749713193324,1.0
2,0.7534512753597983,1.0
all,0.01865293337258717,1.0
