class,cr,fcp
0,1.0,0.039652041993728106
1,0.31617229950932224,0.975068570647815
2,0.00019968564330025143,0.9832379839616963
all,0.4387906617175409,0.6659861988677465
