class,cr,fcp
0,1.0,0.9999965085906463
1,1.0,0.9939160109350179
2,1.0,0.9731168214794224
all,1.0,0.9998832396694215
