metric,cr,fcp
f_0,,0.9997361755826569
f_1,,0.9305090672928011
f_2,,0.6175942549371634
mcc,0.0,0.9266541333584092
