class,cr,fcp
0,1.0,0.9058892343233855
1,1.0,0.9800801608960058
2,1.0,0.9959736042217171
all,1.0,0.9071867107475147
