class,cr,cr_cond
0,8.915995091571952e-07,0.39003640130281725
1,2.835091551616752e-06,3.979888391896574e-08
2,1.932366025137691e-06,3.3025861110003845e-09
all,1.8863523619705457e-06,0.13001214813476245
