cr,cr_cond
1.0000001813031159,1.006405484419264
