class,cr,cr_cond
0,0.9984119277922924,0.9993594452020647
1,0.7447244992454384,0.8509579932089449
2,0.46320855526379007,0.5636881735572105
all,0.9949977790368272,0.9971945495750708
