class,cr,cr_cond
0,0.99841181310851,0.9960793055328148
1,0.7447180683221293,0.5913630556317739
2,0.46320855526379007,0.36910728042345575
all,0.9999998186968838,0.9936321246458923
