metric,cr,cr_cond
f_0,0.9975616987600463,0.9986977459704538
f_1,0.7930671004009189,0.8563893896791588
f_2,0.5414494100787691,0.5854975724168742
mcc,0.774631147502637,0.8367461783318683
