class,cr,cr_cond
0,9.190230429472152e-07,0.42986975303068686
1,3.523806292886802e-06,8.615915161225356e-08
2,2.3373025489908833e-06,3.2568934835845066e-09
all,2.2600439616082998e-06,0.143289947482244
