cr,cr_cond
1.0000006942148763,1.0168010578512399
