class,cr,cr_cond
0,0.9981390788144705,0.9997241450898128
1,0.5187899442166316,0.7999625955890503
2,0.2610007458132755,0.4576920469184351
all,0.9905571900826446,0.9963355041322314
