metric,cr,cr_cond
f_0,0.9952808123526383,0.9982292163798676
f_1,0.6286354625566068,0.687402363177995
f_2,0.391925260290711,0.19239514906518443
mcc,0.6337738667126936,0.6942955149557093
