class,cr,cr_cond
0,0.9981389445294954,0.9913871966930445
1,0.518753001588533,0.24332723779969706
2,0.26096684520984476,0.05163061902501864
all,0.999999305785124,0.9832878347107438
