class,cr,cr_cond
0,8.246997645129589e-07,0.46043584991408365
1,2.7456991758069534e-06,5.291495943440885e-08
2,2.102316972933869e-06,5.650656322269548e-09
all,1.890905304417927e-06,0.1534786361598998
