class,cr,cr_cond
0,0.9976252654745321,0.9994858060257986
1,0.5383519450315807,0.8095402879357538
2,0.33299603858077853,0.5096451946262487
all,0.9916856,0.9966964666666667
