cr,cr_cond
1.0000007000000002,1.0144412333333337
