class,cr,cr_cond
0,0.9976249280104814,0.9914063429608002
1,0.5383207696576321,0.2728281675738701
2,0.33297450912848775,0.19335601102307956
all,0.9999993,0.9856346666666667
