metric,cr,cr_cond
f_0,0.9958608103363287,0.998430753133141
f_1,0.6218175401701153,0.7093505819797037
f_2,0.41793222720639894,0.4204194363823612
mcc,0.6087215662394924,0.6885357620228402
