class,cr,cr_cond
0,8.826667479517344e-07,0.6486918777935932
1,2.921092960424704e-06,4.566270904331312e-08
2,2.1620835560469397e-06,1.529098180301188e-09
all,1.9886144214744596e-06,0.2162306416618001
