cr,cr_cond
1.0000003007518794,1.0080064360902254
