class,cr,cr_cond
0,0.9986276525607475,0.9995256741086749
1,0.7095320362925996,0.8419782729641885
2,0.24136615400807798,0.3744951255772343
all,0.9945864461152882,0.9971615438596492
