class,cr,cr_cond
0,0.9986274596256373,0.9955343848648864
1,0.7095228334664955,0.5356839582191695
2,0.24136615400807798,0.15049533607862225
all,0.9999996992481203,0.9921045614035088
