metric,cr,cr_cond
f_0,0.9973357571418063,0.9986564645055374
f_1,0.7769555996317147,0.844614960473083
f_2,0.35163108061486564,0.34141172959259813
mcc,0.7662152145214891,0.8319319542243725
