class,cr,fcp
0,7.497539821217296e-05,0.17100184661216486
1,0.23110844881142392,0.9862600131647331
2,0.00014975412884347228,0.9238928336446431
all,0.07711105944615987,0.6937182311405139
