cr,fcp
1.0113505785123968,2.9927955371900823
