class,cr,fcp
0,0.9995693326147626,0.999999631994
1,0.8070365154411026,0.999808243637461
2,0.2082491295561345,0.9532516861045507
all,0.9964702479338843,0.9999341487603306
