class,cr,fcp
0,0.005788508073672193,0.9999816153567069
1,0.5172095315786776,0.9969934090904279
2,0.6398898748007364,0.9999084349227473
all,0.011319107477563733,0.9999511404958695
