metric,cr,fcp
f_0,0.9983292404662197,0.989805375347544
f_1,0.7116965641994921,0.9871244635193133
f_2,0.34298982750995133,0.0
mcc,0.6841341165314433,0.965923283306453
