class,cr,cr_cond
0,8.768083464311943e-07,0.4625339404736978
1,2.6290526102285564e-06,3.835847549593097e-08
2,2.189710067338084e-06,2.972971471306173e-09
all,1.8985236746659452e-06,0.15417799393504827
