class,cr,cr_cond
0,0.9981013076698381,0.9992007073456851
1,0.6861358709339707,0.8044325707033545
2,0.3619051334061476,0.45126384771415196
all,0.9939830259067357,0.9964293264248705
