cr,cr_cond
1.0000001243523315,1.0071491502590675
