metric,cr,cr_cond
f_0,0.997086391543186,0.9983512462305641
f_1,0.7347924590566205,0.7930799108046621
f_2,0.47256816572688887,0.4926650539687929
mcc,0.7222428841304476,0.7786419567916926
