class,cr,cr_cond
0,0.9981012552365754,0.9954586922106141
1,0.6861309326867522,0.520402368383366
2,0.3618973318770479,0.27169605242627554
all,0.9999998756476683,0.992933689119171
