class,cr,fcp
0,0.023762956673801558,0.030167940366685478
1,1.0,0.9865360777408706
2,0.0001314863427615497,0.9815219327423953
all,0.3412981476721877,0.6660753169499837
