class,cr,fcp
0,1.0,0.9999941573695951
1,1.0,0.9991098806319234
2,1.0,0.8410428015564202
all,1.0,0.9996441333333334
