class,cr,fcp
0,1.0,0.9916329450905702
1,1.0,0.9895500300659893
2,1.0,0.995912824925719
all,1.0,0.9916151000003353
