metric,cr,fcp
f_0,,0.9989538076746403
f_1,,0.9580409960104553
f_2,,0.8656174334140436
mcc,0.0,0.9407700899871082
