class,cr,fcp
0,1.0,0.05885349528893022
1,1.0,0.9752779397753225
2,0.0005336438575748363,0.7961492254990741
all,0.666844547952525,0.6100935535211089
