class,cr,fcp
0,1.0,0.9999980048444445
1,1.0,0.9991812745800377
2,1.0,0.6017547751365993
all,1.0,0.9992927551020409
