class,cr,fcp
0,1.0,0.9999167505767601
1,1.0,0.9998155617126034
2,1.0,0.9976255128164836
all,1.0,0.9998962857142917
