metric,cr,fcp
f_0,,0.9818959014332411
f_1,,0.5534591194968553
f_2,,0.946367625548513
mcc,0.0,0.9084033657611702
