class,cr,fcp
0,1.0,0.9999950052123644
1,1.0,0.9963520927226402
2,0.2558876283511887,0.9996792645876329
all,0.7519625427837295,0.9986754541742124
