class,cr,cr_cond
0,8.932045245733668e-07,0.41906645886861554
1,2.7119556166408295e-06,5.953483220612981e-08
2,2.4222935652279797e-06,3.048129709424584e-09
all,2.0091512354807255e-06,0.13968884048385916
