class,cr,cr_cond
0,0.9980197248771411,0.9996328551383992
1,0.5105138186933835,0.771851995206443
2,0.16751784733662822,0.2696869851729819
all,0.990462,0.9956865333333333
