cr,cr_cond
1.0000005000000003,1.0151105999999999
