metric,cr,cr_cond
f_0,0.9952659409621476,0.9979580409712098
f_1,0.6182041070186481,0.6696800929103098
f_2,0.24558225657126756,0.19920741411052517
mcc,0.6122575636977795,0.6609000290961544
