class,cr,cr_cond
0,0.9980194542460812,0.9918588426280048
1,0.5104964507333001,0.25180068529008215
2,0.16751784733662822,0.08764415156507413
all,0.9999995,0.9849147333333333
