class,cr,fcp
0,1.0,0.06592071355067593
1,1.0,0.9860042332279367
2,0.000413910964019915,0.854371735859314
all,0.6668046369880066,0.6354322275459756
