class,cr,fcp
0,1.0,0.9999991418617813
1,1.0,0.9976441337454934
2,1.0,0.7520244783835826
all,1.0,0.9997791435768262
