class,cr,fcp
0,1.0,0.9999984348787265
1,1.0,0.9998686694895983
2,1.0,0.9982287918055704
all,1.0,0.9999792846347617
