metric,cr,fcp
f_0,,0.6106194690265486
f_1,,0.08108108108108109
f_2,,0.9224890829694323
mcc,0.0,0.4393724538533577
