class,cr,cr_cond
0,9.345877671725947e-07,0.47886258766084683
1,3.760627315325114e-06,6.708313692881339e-08
2,2.1817458684097058e-06,2.077392464121722e-09
all,2.292320316969138e-06,0.1596208856071254
