class,cr,cr_cond
0,0.9984698373968034,0.9994215228972373
1,0.7227485520429802,0.845714831474808
2,0.4489462161377964,0.5476642663079317
all,0.994472322418136,0.9970819345088161
