cr,cr_cond
1.000000302267002,1.0075907304785896
