metric,cr,cr_cond
f_0,0.9972965509213351,0.9986376196273095
f_1,0.7859302066375298,0.8513302585614317
f_2,0.5302345867472507,0.5722707702305934
mcc,0.781054486401842,0.8464342973616749
