class,cr,cr_cond
0,0.9984697045896981,0.9957889420901667
1,0.7227353517376649,0.5630613526896399
2,0.4489462161377964,0.32518266466197143
all,0.9999996977329975,0.9924630428211587
