class,cr,cr_cond
0,9.46110420162799e-07,0.4292319318924807
1,2.7859738886956985e-06,4.2092860709462594e-08
2,2.144479961460388e-06,3.602427435894469e-09
all,1.958854756772962e-06,0.14307732586258962
