cr,cr_cond
1.000000291105121,1.0074559460916437
