class,cr,cr_cond
0,0.9979994592277652,0.999199537042216
1,0.7397553513644824,0.8447447675028211
2,0.3735269625779101,0.4884049559665901
all,0.9942501886792453,0.9967224582210242
