class,cr,cr_cond
0,0.997999361004756,0.9950059383994397
1,0.7397408173710289,0.5816836385644982
2,0.3735080370435792,0.26616240631860505
all,0.9999997088948787,0.9925894016172506
