metric,cr,cr_cond
f_0,0.9971893398288195,0.9984744375055737
f_1,0.7693853388969,0.8373188438283615
f_2,0.4886134344555534,0.5048823684273508
mcc,0.7447261575397303,0.8094168064193608
