class,cr,cr_cond
0,9.607499687514497e-07,0.5499668510627238
1,3.1803047325679043e-06,6.634136964034587e-08
2,2.480984932314962e-06,4.983704663366917e-09
all,2.207346544544772e-06,0.18332230746259937
