cr,cr_cond
1.0000004958677688,1.0157272066115701
