class,cr,cr_cond
0,0.9976525446510448,0.9994784325843967
1,0.4946147186147186,0.7707243867243867
2,0.2540498290180752,0.44777723497801664
all,0.9906324958677686,0.995924826446281
