class,cr,cr_cond
0,0.997652377159903,0.9905165175576777
1,0.4945887445887446,0.24765079365079365
2,0.2540498290180752,0.12670249145090376
all,0.9999995041322314,0.9844134876033058
