metric,cr,cr_cond
f_0,0.995363120255775,0.9980812336325513
f_1,0.5828526534887833,0.6440164060535786
f_2,0.3717332875850632,0.3377435149494739
mcc,0.5782045266826028,0.6386833859779287
