class,cr,fcp
0,1.0,1.0
1,0.12883740545745956,0.9982586765446512
2,0.5807933294227803,0.9986083619642858
all,0.5698769116267466,0.9989556795029789
