class,cr,fcp
0,1.0,0.15193204777146674
1,1.0,0.9863055258335813
2,0.9369748870708964,0.9437809265625606
all,0.9789916290236322,0.6940061667225362
