class,cr,fcp
0,1.0,0.9999998253813167
1,1.0,0.9971606805646249
2,1.0,0.9727724646092508
all,1.0,0.9999238059299191
