class,cr,fcp
0,1.0,0.9999654335637943
1,1.0,0.9999449105156085
2,1.0,0.9978048112308772
all,1.0,0.9999457574124012
