metric,cr,fcp
f_0,,0.9974667511082964
f_1,,0.0
f_2,,0.9807640205906258
mcc,0.0,0.970426889255895
