class,cr,fcp
0,0.3307754061810512,1.0
1,1.0,0.9999999999999881
2,0.00016698689326810582,0.9999648952153751
all,0.4436474643581064,0.999988298405121
