class,cr,cr_cond
0,8.569407523153728e-07,0.4024401701798023
1,3.502994731263862e-06,5.377552629459528e-08
2,1.5617029807246704e-06,1.8288066697455357e-09
all,1.9738794881013017e-06,0.1341467419280451
