cr,cr_cond
1.0000003149606294,1.0066025931758527
