class,cr,cr_cond
0,0.9982288075909989,0.9992231893631965
1,0.7547418657323011,0.8612133731070022
2,0.37527885469233935,0.4720820428407442
all,0.9950334698162729,0.9972433175853018
