metric,cr,cr_cond
f_0,0.9976066112426264,0.9987523475672078
f_1,0.785660851273357,0.85391471135991
f_2,0.4713355004556397,0.5095045185416017
mcc,0.7730617469743791,0.8414787724773518
