class,cr,cr_cond
0,0.9982286482604793,0.9955136137200657
1,0.7547280554306052,0.620099315798196
2,0.37527885469233935,0.28329470879989604
all,0.9999996850393701,0.9934502572178477
