class,cr,cr_cond
0,1.008078973499974e-06,0.42969651487921434
1,5.446036454301476e-06,1.1800465656032591e-07
2,2.668529822225623e-06,6.191994517808682e-09
all,3.0408817500090243e-06,0.14323221302528846
