class,cr,cr_cond
0,0.9980512782137214,0.9997375113737178
1,0.4933350951801803,0.7738166187102742
2,0.23031188664918842,0.3809830804716265
all,0.9900263,0.9955053
