cr,cr_cond
1.0000010000000001,1.0168997999999998
