metric,cr,cr_cond
f_0,0.9950931172043422,0.9979476958260036
f_1,0.5961508692400321,0.615142558243802
f_2,0.35033124128312415,0.30518483053045264
mcc,0.5906293756108754,0.6139100098776296
