class,cr,cr_cond
0,0.9980507707605194,0.9908851255858716
1,0.49330273472788905,0.1997961291505651
2,0.23031188664918842,0.10958295726422257
all,0.999999,0.9831895666666667
