class,cr,cr_cond
0,9.637676943574118e-07,0.5003769709865293
1,3.864701969767128e-06,8.068050477188312e-08
2,2.4460877836207714e-06,7.973485774344608e-09
all,2.4248524825817702e-06,0.1667923532135066
