class,cr,cr_cond
0,0.9975479189411695,0.9995914211408186
1,0.5183502711794695,0.7899164822482574
2,0.28647470817120624,0.5143035019455253
all,0.9908209666666666,0.9962750333333333
