cr,cr_cond
1.0000007,1.0166089
