metric,cr,cr_cond
f_0,0.9954155530419664,0.9982044209456373
f_1,0.6006153189521795,0.6778669790065315
f_2,0.40495467746193786,0.3536788739910613
mcc,0.5858474355631735,0.6575177196742837
