class,cr,cr_cond
0,0.9975476149892987,0.989783738581668
1,0.518313438653894,0.25579882074530613
2,0.28647470817120624,0.12378210116731518
all,0.9999993,0.9835198666666667
