class,cr,cr_cond
0,8.449858329074312e-07,0.4198333613565559
1,2.440569292576066e-06,3.899558599588746e-08
2,1.9002826392090224e-06,2.5306401970858195e-09
all,1.7286125882308398e-06,0.13994446762759405
