cr,cr_cond
1.000000265306122,1.0081168571428574
