class,cr,cr_cond
0,0.9983589483739751,0.9994049681151399
1,0.6583859047646895,0.7951167049225866
2,0.21944029327978332,0.3112887031242703
all,0.9932008571428571,0.9959208163265306
