metric,cr,cr_cond
f_0,0.9967662385585094,0.9981988335936575
f_1,0.7217256642930051,0.7803188412055834
f_2,0.33329934521144305,0.3243878113435343
mcc,0.7040621423583591,0.7583483837006421
