class,cr,cr_cond
0,0.9983588553356332,0.9954827300575622
1,0.6583712846679045,0.47881182473427975
2,0.21944029327978332,0.14429902395740904
all,0.9999997346938776,0.9920288265306122
