class,cr,fcp
0,1.0,0.9999978802328077
1,1.0,0.9921981083767143
2,1.0,0.9874050264507798
all,1.0,0.9932003383534338
