class,cr,fcp
0,1.0,1.0
1,1.0,0.9995560974454888
2,1.0,0.9999675120746789
all,1.0,0.9999952440944881
