class,cr,cr_cond
0,1.1004020550632194e-06,0.41119849975185485
1,5.182013696263242e-06,1.065379311471323e-07
2,2.8121277960901634e-06,3.401938152906343e-09
all,3.031514515805541e-06,0.1370662032305747
