cr,cr_cond
1.0000011570247933,1.0136933553719003
