class,cr,cr_cond
0,0.9981313993525168,0.9996946219302069
1,0.5701136706568756,0.8336560708178252
2,0.19429767962796132,0.3304034476881498
all,0.9925389421487604,0.9970398347107438
