metric,cr,cr_cond
f_0,0.9963131338202236,0.9986310802509974
f_1,0.6499760752259413,0.7221741448788888
f_2,0.31149716962717156,0.20444539127964778
mcc,0.6366212517614849,0.6946452546245229
