class,cr,cr_cond
0,0.9981308306159714,0.9925509229138836
1,0.5700602303591188,0.25970727291017
2,0.19427333154780746,0.07009812276302013
all,0.9999988429752066,0.9863572892561984
