class,cr,cr_cond
0,1.084101616288197e-06,0.3607405047918305
1,7.277745184827733e-06,1.3302695007158923e-07
2,2.757981953270823e-06,6.131430641035852e-09
all,3.7066095847955844e-06,0.12024688131673708
