class,cr,cr_cond
0,0.9978454319257078,0.9996276997417497
1,0.5081596114666721,0.7720600556811533
2,0.24551395657953035,0.4376661497563137
all,0.991440958677686,0.9963979173553719
