cr,cr_cond
1.0000014214876036,1.0139030743801654
