class,cr,cr_cond
0,0.9978446285444637,0.9923416343927779
1,0.5081096336626969,0.22892186117342003
2,0.2454585733274258,0.09644993354009747
all,0.9999985785123967,0.9861510082644628
