metric,cr,cr_cond
f_0,0.9957355298650615,0.9982646768375221
f_1,0.5995882111120555,0.6389955686853767
f_2,0.3590262870104095,0.27377770790756173
mcc,0.5949893875981919,0.6390033876622331
