class,cr,fcp
0,6.940209157440985e-05,1.0
1,0.046234204039898835,0.9999974846247014
2,0.00040472627577655117,0.9999485406221587
all,0.015569444135749929,0.99998200841562
