class,cr,fcp
0,0.9990686542232826,1.0
1,0.6389355568559664,1.0
2,0.23243220011174626,1.0
all,0.9928334,1.0
