metric,cr,fcp
f_0,0.9965364522025716,
f_1,0.615529064999584,
f_2,0.3661382954284402,
mcc,0.609486732217091,0.0
