class,cr,fcp
0,0.0031824806852929527,1.0
1,0.36015107840708066,1.0
2,0.5276256045165784,1.0
all,0.006848633373059345,1.0
