class,cr,fcp
0,1.0,0.035816232360682064
1,1.0,0.9629792296502753
2,0.00047763951212781403,0.964167222912251
all,0.666825879837376,0.6543208949744028
