class,cr,fcp
0,1.0,0.9999983651288026
1,1.0,0.9456196639295231
2,1.0,0.6945887986948914
all,1.0,0.9991140350877193
