class,cr,fcp
0,1.0,0.04002843032946218
1,1.0,0.92136533850171
2,1.0,0.94963544551396
all,1.0,0.051179348408880096
