metric,cr,fcp
f_0,,0.9995837118237793
f_1,,0.19856468414191147
f_2,,0.09296395038831576
mcc,0.0,0.311642985349291
