class,cr,cr_cond
0,1.0150313665365097e-06,0.4134611132798255
1,2.8678534717446724e-06,4.2907548303458054e-08
2,2.6270538058521895e-06,2.5018768939322194e-09
all,2.1699795480444573e-06,0.1378203862297502
