class,cr,cr_cond
0,0.9985793637648155,0.9994110391573479
1,0.7621664443484196,0.8662990587483795
2,0.30921065469801934,0.40063420821543566
all,0.9953581463414635,0.9973633279132791
