cr,cr_cond
1.000000162601626,1.0060442059620596
