class,cr,cr_cond
0,0.9985792979677117,0.9963876841682869
1,0.762157050619673,0.6122675834945923
2,0.30921065469801934,0.22771002048980388
all,0.999999837398374,0.9940225040650407
