metric,cr,cr_cond
f_0,0.9977812648671647,0.99882911879787
f_1,0.7977215820453324,0.8613535146183632
f_2,0.43859940488547505,0.4574374252729375
mcc,0.7832158926334323,0.8449151411523869
