class,cr,cr_cond
0,7.68254594509156e-07,0.38906980748575726
1,2.783380439255855e-06,4.887616261356197e-08
2,1.8406532715353308e-06,1.6782771971710107e-09
all,1.7974294351001143e-06,0.12968995268006567
