class,cr,cr_cond
0,0.9983621923527455,0.9993529111276782
1,0.7410715831100422,0.8507824599085626
2,0.2321525382672188,0.3128626302008236
all,0.994604446650124,0.9969730322580646
