cr,cr_cond
1.0000004367245652,1.0069835136476424
