metric,cr,cr_cond
f_0,0.9973658341712051,0.9985978639334779
f_1,0.7896757364436403,0.8553186002304387
f_2,0.3244846794411886,0.3324395548753121
mcc,0.7737429433381924,0.837906775508685
