class,cr,cr_cond
0,0.9983620314679078,0.9957658529533902
1,0.7410509779615574,0.5931793661691485
2,0.2321525382672188,0.16661091437601652
all,0.9999995632754343,0.9930805558312655
