class,cr,fcp
0,1.0,0.7269756372877995
1,0.2304207672531801,0.9890746246461934
2,1.0,0.9957543280660789
all,0.7434735890843934,0.9039348633333572
