class,cr,fcp
0,1.0,1.0
1,1.0,0.9991388991001244
2,1.0,0.9957533345295771
all,1.0,0.9999838666666667
