class,cr,fcp
0,1.0,1.0
1,1.0,0.9999990431354548
2,1.0,1.0
all,1.0,0.9999999666666668
